[
  {
    "tier": 1
  },
  {
    "tier": 2
  },
  {
    "tier": 3
  },
  {
    "tier": 4
  },
  {
    "tier": 5
  },
  {
    "nickname": [
      "ex",
      "exclusive"
    ],
    "exclusive": true
  },
  {
    "nickname": [
      "????"
    ]
  },
  {
    "name": "bulbasaur",
    "tier": 1,
    "trainers": 1
  },
  {
    "name": "ivysaur",
    "tier": 1
  },
  {
    "name": "venusaur",
    "tier": 4
  },
  {
    "name": "charmander",
    "tier": 1,
    "trainers": 1
  },
  {
    "name": "charmeleon",
    "tier": 1
  },
  {
    "name": "charizard",
    "tier": 4
  },
  {
    "name": "squirtle",
    "tier": 1,
    "trainers": 1
  },
  {
    "name": "wartortle",
    "tier": 1
  },
  {
    "name": "blastoise",
    "tier": 4
  },
  {
    "name": "caterpie"
  },
  {
    "name": "metapod",
    "tier": 1
  },
  {
    "name": "butterfree"
  },
  {
    "name": "weedle"
  },
  {
    "name": "kakuna"
  },
  {
    "name": "beedrill"
  },
  {
    "name": "pidgey"
  },
  {
    "name": "pidgeotto"
  },
  {
    "name": "pidgeot"
  },
  {
    "name": "rattata"
  },
  {
    "name": "rattata_alola",
    "overrideName": "Alolan Rattata",
    "nickname": [
      "alo"
    ]
  },
  {
    "name": "raticate"
  },
  {
    "name": "raticate_alola",
    "overrideName": "Alolan Raticate",
    "nickname": [
      "alo"
    ]
  },
  {
    "name": "spearow"
  },
  {
    "name": "fearow"
  },
  {
    "name": "ekans"
  },
  {
    "name": "arbok"
  },
  {
    "name": "pikachu"
  },
  {
    "name": "raichu"
  },
  {
    "name": "raichu_alola",
    "overrideName": "Alolan Raichu",
    "nickname": [
      "alo"
    ]
  },
  {
    "name": "sandshrew"
  },
  {
    "name": "sandshrew_alola",
    "overrideName": "Alolan Sandshrew",
    "nickname": [
      "alo"
    ]
  },
  {
    "name": "sandslash",
    "tier": 2
  },
  {
    "name": "sandslash_alola",
    "overrideName": "Alolan Sandslash",
    "nickname": [
      "alo"
    ]
  },
  {
    "name": "nidoran♀"
  },
  {
    "name": "nidorina"
  },
  {
    "name": "nidoqueen",
    "tier": 4
  },
  {
    "name": "nidoran♂"
  },
  {
    "name": "nidorino"
  },
  {
    "name": "nidoking",
    "tier": 4
  },
  {
    "name": "clefairy"
  },
  {
    "name": "clefable"
  },
  {
    "name": "vulpix"
  },
  {
    "name": "vulpix_alola",
    "overrideName": "Alolan Vulpix",
    "nickname": [
      "alo"
    ]
  },
  {
    "name": "ninetales",
    "tier": 3
  },
  {
    "name": "ninetales_alola",
    "overrideName": "Alolan Ninetales",
    "nickname": [
      "alo"
    ]
  },
  {
    "name": "jigglypuff"
  },
  {
    "name": "wigglytuff"
  },
  {
    "name": "zubat"
  },
  {
    "name": "golbat"
  },
  {
    "name": "oddish"
  },
  {
    "name": "gloom"
  },
  {
    "name": "vileplume"
  },
  {
    "name": "paras"
  },
  {
    "name": "parasect"
  },
  {
    "name": "venonat"
  },
  {
    "name": "venomoth",
    "tier": 2,
	"trainers": 1
  },
  {
    "name": "diglett"
  },
  {
    "name": "diglett_alola",
    "overrideName": "Alolan Diglett",
    "nickname": [
      "alo"
    ]
  },
  {
    "name": "dugtrio"
  },
  {
    "name": "dugtrio_alola",
    "overrideName": "Alolan Dugtrio",
    "nickname": [
      "alo"
    ]
  },
  {
    "name": "meowth"
  },
  {
    "name": "meowth_alola",
    "overrideName": "Alolan Meowth",
    "nickname": [
      "alo"
    ]
  },
  {
    "name": "persian"
  },
  {
    "name": "persian_alola",
    "overrideName": "Alolan Persian",
    "nickname": [
      "alo"
    ]
  },
  {
    "name": "psyduck"
  },
  {
    "name": "golduck"
  },
  {
    "name": "mankey"
  },
  {
    "name": "primeape",
    "tier": 2,
	"trainers": 1
  },
  {
    "name": "growlithe"
  },
  {
    "name": "arcanine",
    "tier": 3
  },
  {
    "name": "poliwag"
  },
  {
    "name": "poliwhirl"
  },
  {
    "name": "poliwrath",
    "tier": 4,
	"trainers": 5
  },
  {
    "name": "abra"
  },
  {
    "name": "kadabra"
  },
  {
    "name": "alakazam",
    "tier": 3,
	"trainers": 2
  },
  {
    "name": "machop"
  },
  {
    "name": "machoke"
  },
  {
    "name": "machamp",
    "tier": 3,
	"trainers": 2
  },
  {
    "name": "bellsprout"
  },
  {
    "name": "weepinbell"
  },
  {
    "name": "victreebel",
    "tier": 4
  },
  {
    "name": "tentacool"
  },
  {
    "name": "tentacruel",
    "tier": 2,
	"trainers": 1
  },
  {
    "name": "geodude"
  },
  {
    "name": "geodude_alola",
    "overrideName": "Alolan Geodude",
    "nickname": [
      "alo"
    ]
  },
  {
    "name": "graveler"
  },
  {
    "name": "graveler_alola",
    "overrideName": "Alolan Graveler",
    "nickname": [
      "alo"
    ]
  },
  {
    "name": "golem",
    "tier": 4,
	"trainers": 5
  },
  {
    "name": "golem_alola",
    "overrideName": "Alolan Golem",
    "nickname": [
      "alo"
    ]
  },
  {
    "name": "ponyta"
  },
  {
    "name": "rapidash"
  },
  {
    "name": "slowpoke"
  },
  {
    "name": "slowbro",
    "tier": 2
  },
  {
    "name": "magnemite"
  },
  {
    "name": "magneton",
    "tier": 2
  },
  {
    "name": "farfetch'd"
  },
  {
    "name": "doduo"
  },
  {
    "name": "dodrio"
  },
  {
    "name": "seel"
  },
  {
    "name": "dewgong",
    "tier": 2
  },
  {
    "name": "grimer"
  },
  {
    "name": "grimer_alola",
    "overrideName": "Alolan Grimer",
    "nickname": [
      "alo"
    ]
  },
  {
    "name": "muk",
    "tier": 2,
	"trainers": 1
  },
  {
    "name": "muk_alola",
    "overrideName": "Alolan Muk",
    "nickname": [
      "alo"
    ]
  },
  {
    "name": "shellder",
    "tier": 1,
	"trainers": 1
  },
  {
    "name": "cloyster",
    "tier": 2
  },
  {
    "name": "gastly"
  },
  {
    "name": "haunter"
  },
  {
    "name": "gengar",
    "tier": 3
  },
  {
    "name": "onix",
    "tier": 3,
	"trainers": 2
  },
  {
    "name": "drowzee"
  },
  {
    "name": "hypno"
  },
  {
    "name": "krabby"
  },
  {
    "name": "kingler"
  },
  {
    "name": "voltorb"
  },
  {
    "name": "electrode"
  },
  {
    "name": "exeggcute"
  },
  {
    "name": "exeggutor",
    "nickname": [
      "exegg"
    ],
    "tier": 2,
	"trainers": 1
  },
  {
    "name": "exeggutor_alola",
    "overrideName": "Alolan Exeggutor",
    "nickname": [
      "alo",
      "exegg"
    ]
  },
  {
    "name": "cubone"
  },
  {
    "name": "marowak",
    "tier": 2
  },
  {
    "name": "marowak_alola",
    "overrideName": "Alolan Marowak",
    "nickname": [
      "alo"
    ]
  },
  {
    "name": "hitmonlee",
    "tier": 3,
	"trainers": 2
  },
  {
    "name": "hitmonchan",
    "tier": 3,
	"trainers": 2
  },
  {
    "name": "lickitung",
    "tier": 2,
	"trainers": 1
  },
  {
    "name": "koffing"
  },
  {
    "name": "weezing",
    "tier": 2,
	"trainers": 1
  },
  {
    "name": "rhyhorn"
  },
  {
    "name": "rhydon",
    "tier": 4,
	"trainers": 5
  },
  {
    "name": "chansey"
  },
  {
    "name": "tangela"
  },
  {
    "name": "kangaskhan"
  },
  {
    "name": "horsea"
  },
  {
    "name": "seadra"
  },
  {
    "name": "goldeen"
  },
  {
    "name": "seaking"
  },
  {
    "name": "staryu"
  },
  {
    "name": "starmie",
    "tier": 3,
	"trainers": 2
  },
  {
    "name": "mr. mime"
  },
  {
    "name": "scyther",
    "tier": 3,
	"trainers": 2
  },
  {
    "name": "jynx",
    "tier": 3
  },
  {
    "name": "electabuzz",
    "tier": 2
  },
  {
    "name": "magmar",
    "tier": 2
  },
  {
    "name": "pinsir",
    "tier": 3
  },
  {
    "name": "tauros"
  },
  {
    "name": "magikarp",
    "nickname": [
      "karp"
    ],
    "tier": 1,
	"trainers": 1
  },
  {
    "name": "gyarados"
  },
  {
    "name": "lapras",
    "tier": 4,
	"trainers": 5
  },
  {
    "name": "ditto"
  },
  {
    "name": "eevee"
  },
  {
    "name": "vaporeon",
    "tier": 3,
	"trainers": 2
  },
  {
    "name": "jolteon",
    "tier": 3
  },
  {
    "name": "flareon",
    "tier": 3
  },
  {
    "name": "porygon",
    "tier": 3
  },
  {
    "name": "omanyte",
    "tier": 1,
	"trainers": 1
  },
  {
    "name": "omastar",
    "tier": 3,
	"trainers": 2
  },
  {
    "name": "kabuto",
    "tier": 1,
	"trainers": 1
  },
  {
    "name": "kabutops",
    "tier": 3,
	"trainers": 2
  },
  {
    "name": "aerodactyl",
    "tier": 3,
	"trainers": 2
  },
  {
    "name": "snorlax",
    "tier": 4,
	"trainers": 6
  },
  {
    "name": "articuno",
    "nickname": [
      "arty"
    ],
    "tier": 5
  },
  {
    "name": "zapdos",
    "nickname": [
      "zappy"
    ],
    "tier": 5
  },
  {
    "name": "moltres",
    "nickname": [
      "molty"
    ],
    "tier": 5
  },
  {
    "name": "dratini"
  },
  {
    "name": "dragonair"
  },
  {
    "name": "dragonite"
  },
  {
    "name": "mewtwo",
    "exclusive": true,
	"trainers": 6
  },
  {
    "name": "mew"
  },
  {
    "name": "chikorita"
  },
  {
    "name": "bayleef",
    "tier": 1
  },
  {
    "name": "meganium"
  },
  {
    "name": "cyndaquil"
  },
  {
    "name": "quilava",
    "tier": 1
  },
  {
    "name": "typhlosion"
  },
  {
    "name": "totodile"
  },
  {
    "name": "croconaw",
    "tier": 2,
	"trainers": 1
  },
  {
    "name": "feraligatr",
    "tier": 4
  },
  {
    "name": "sentret"
  },
  {
    "name": "furret"
  },
  {
    "name": "hoothoot"
  },
  {
    "name": "noctowl"
  },
  {
    "name": "ledyba"
  },
  {
    "name": "ledian"
  },
  {
    "name": "spinarak"
  },
  {
    "name": "ariados"
  },
  {
    "name": "crobat"
  },
  {
    "name": "chinchou"
  },
  {
    "name": "lanturn"
  },
  {
    "name": "pichu"
  },
  {
    "name": "cleffa"
  },
  {
    "name": "igglybuff"
  },
  {
    "name": "togepi"
  },
  {
    "name": "togetic"
  },
  {
    "name": "natu"
  },
  {
    "name": "xatu"
  },
  {
    "name": "mareep"
  },
  {
    "name": "flaaffy"
  },
  {
    "name": "ampharos"
  },
  {
    "name": "bellossom"
  },
  {
    "name": "marill"
  },
  {
    "name": "azumarill",
    "tier": 3
  },
  {
    "name": "sudowoodo",
    "tier": 2,
	"trainers": 1
  },
  {
    "name": "politoed"
  },
  {
    "name": "hoppip"
  },
  {
    "name": "skiploom"
  },
  {
    "name": "jumpluff"
  },
  {
    "name": "aipom"
  },
  {
    "name": "sunkern"
  },
  {
    "name": "sunflora"
  },
  {
    "name": "yanma"
  },
  {
    "name": "wooper"
  },
  {
    "name": "quagsire"
  },
  {
    "name": "espeon"
  },
  {
    "name": "umbreon"
  },
  {
    "name": "murkrow"
  },
  {
    "name": "slowking"
  },
  {
    "name": "misdreavus",
    "tier": 2
  },
  {
    "name": "unown"
  },
  {
    "name": "wobbuffet"
  },
  {
    "name": "girafarig"
  },
  {
    "name": "pineco"
  },
  {
    "name": "forretress"
  },
  {
    "name": "dunsparce"
  },
  {
    "name": "gligar"
  },
  {
    "name": "steelix"
  },
  {
    "name": "snubbull"
  },
  {
    "name": "granbull",
    "tier": 3
  },
  {
    "name": "qwilfish"
  },
  {
    "name": "scizor"
  },
  {
    "name": "shuckle",
    "tier": 3,
	"trainers": 3
  },
  {
    "name": "heracross"
  },
  {
    "name": "sneasel",
    "tier": 2
  },
  {
    "name": "teddiursa"
  },
  {
    "name": "ursaring"
  },
  {
    "name": "slugma"
  },
  {
    "name": "magcargo",
    "tier": 2,
	"trainers": 1
  },
  {
    "name": "swinub"
  },
  {
    "name": "piloswine",
    "tier": 3
  },
  {
    "name": "corsola"
  },
  {
    "name": "remoraid"
  },
  {
    "name": "octillery"
  },
  {
    "name": "delibird"
  },
  {
    "name": "mantine"
  },
  {
    "name": "skarmory"
  },
  {
    "name": "houndour"
  },
  {
    "name": "houndoom",
    "tier": 4,
	"trainers": 3
  },
  {
    "name": "kingdra"
  },
  {
    "name": "phanpy"
  },
  {
    "name": "donphan"
	"tier": 4,
	"trainers": 3
  },
  {
    "name": "porygon2"
  },
  {
    "name": "stantler"
  },
  {
    "name": "smeargle"
  },
  {
    "name": "tyrogue"
  },
  {
    "name": "hitmontop"
  },
  {
    "name": "smoochum"
  },
  {
    "name": "elekid"
  },
  {
    "name": "magby"
  },
  {
    "name": "miltank"
  },
  {
    "name": "blissey"
  },
  {
    "name": "raikou",
    "tier": 5,
	"trainers": 7
  },
  {
    "name": "entei",
    "tier": 5,
	"trainers": 7
  },
  {
    "name": "suicune",
    "tier": 5,
	"trainers": 7
  },
  {
    "name": "larvitar"
  },
  {
    "name": "pupitar"
  },
  {
    "name": "tyranitar",
    "nickname": [
      "ttar"
    ],
    "tier": 4,
	"trainers": 5
  },
  {
    "name": "lugia",
    "tier": 5,
	"trainers": 7
  },
  {
    "name": "ho_oh",
    "overrideName": "Ho-Oh",
    "nickname": [
      "ho-oh",
      "hooh",
      "hoho",
      "santa"
    ],
    "tier": 5,
	"trainers": 7
  },
  {
    "name": "celebi"
  },
  {
    "name": "treecko"
  },
  {
    "name": "grovyle"
  },
  {
    "name": "sceptile"
  },
  {
    "name": "torchic"
  },
  {
    "name": "combusken",
    "tier": 2,
	"trainers": 1
  },
  {
    "name": "blaziken"
  },
  {
    "name": "mudkip"
  },
  {
    "name": "marshtomp",
    "tier": 2,
	"trainers": 1
  },
  {
    "name": "swampert"
  },
  {
    "name": "poochyena"
  },
  {
    "name": "mightyena"
  },
  {
    "name": "zigzagoon"
  },
  {
    "name": "linoone"
  },
  {
    "name": "wurmple"
  },
  {
    "name": "silcoon"
  },
  {
    "name": "beautifly"
  },
  {
    "name": "cascoon"
  },
  {
    "name": "dustox"
  },
  {
    "name": "lotad"
  },
  {
    "name": "lombre"
  },
  {
    "name": "ludicolo"
  },
  {
    "name": "seedot"
  },
  {
    "name": "nuzleaf"
  },
  {
    "name": "shiftry"
  },
  {
    "name": "taillow"
  },
  {
    "name": "swellow"
  },
  {
    "name": "wingull"
  },
  {
    "name": "pelipper"
  },
  {
    "name": "ralts"
  },
  {
    "name": "kirlia"
  },
  {
    "name": "gardevoir"
  },
  {
    "name": "surskit"
  },
  {
    "name": "masquerain"
  },
  {
    "name": "shroomish"
  },
  {
    "name": "breloom",
    "tier": 3,
	"trainers": 2
  },
  {
    "name": "slakoth"
  },
  {
    "name": "vigoroth"
  },
  {
    "name": "slaking"
  },
  {
    "name": "nincada"
  },
  {
    "name": "ninjask"
  },
  {
    "name": "shedinja"
  },
  {
    "name": "whismur"
  },
  {
    "name": "loudred"
  },
  {
    "name": "exploud"
  },
  {
    "name": "makuhita"
  },
  {
    "name": "hariyama"
  },
  {
    "name": "azurill"
  },
  {
    "name": "nosepass",
    "tier": 2,
	"trainers": 1
  },
  {
    "name": "skitty"
  },
  {
    "name": "delcatty"
  },
  {
    "name": "sableye",
    "tier": 2,
	"trainers": 1
  },
  {
    "name": "mawile",
    "tier": 2,
	"trainers": 1
  },
  {
    "name": "aron"
  },
  {
    "name": "lairon"
  },
  {
    "name": "aggron",
    "tier": 4,
	"trainers": 7
  },
  {
    "name": "meditite"
  },
  {
    "name": "medicham"
  },
  {
    "name": "electrike"
  },
  {
    "name": "manectric",
    "tier": 2,
	"trainers": 1
  },
  {
    "name": "plusle"
  },
  {
    "name": "minun"
  },
  {
    "name": "volbeat"
  },
  {
    "name": "illumise"
  },
  {
    "name": "roselia"
  },
  {
    "name": "gulpin"
  },
  {
    "name": "swalot"
  },
  {
    "name": "carvanha"
  },
  {
    "name": "sharpedo",
    "tier": 3,
	"trainers": 1
  },
  {
    "name": "wailmer",
    "tier": 1,
	"trainers": 1
  },
  {
    "name": "wailord"
  },
  {
    "name": "numel"
  },
  {
    "name": "camerupt"
  },
  {
    "name": "torkoal"
  },
  {
    "name": "spoink"
  },
  {
    "name": "grumpig"
  },
  {
    "name": "spinda"
  },
  {
    "name": "trapinch"
  },
  {
    "name": "vibrava"
  },
  {
    "name": "flygon"
  },
  {
    "name": "cacnea"
  },
  {
    "name": "cacturne"
  },
  {
    "name": "swablu",
    "tier": 1,
	"trainers": 1
  },
  {
    "name": "altaria"
  },
  {
    "name": "zangoose"
  },
  {
    "name": "seviper"
  },
  {
    "name": "lunatone",
    "tier": 3,
	"trainers": 2
  },
  {
    "name": "solrock",
    "tier": 3,
	"trainers": 2
  },
  {
    "name": "barboach"
  },
  {
    "name": "whiscash"
  },
  {
    "name": "corphish"
  },
  {
    "name": "crawdaunt"
  },
  {
    "name": "baltoy"
  },
  {
    "name": "claydol",
    "tier": 3,
	"trainers": 3
  },
  {
    "name": "lileep",
    "tier": 1,
	"trainers": 1
  },
  {
    "name": "cradily"
  },
  {
    "name": "anorith",
    "tier": 1,
	"trainers": 1
  },
  {
    "name": "armaldo"
  },
  {
    "name": "feebas"
  },
  {
    "name": "milotic"
  },
  {
    "name": "castform"
  },
  {
    "name": "kecleon"
  },
  {
    "name": "shuppet",
    "tier": 1,
	"trainers": 1
  },
  {
    "name": "banette"
  },
  {
    "name": "duskull",
    "tier": 1,
	"trainers": 1
  },
  {
    "name": "dusclops"
  },
  {
    "name": "tropius"
  },
  {
    "name": "chimecho"
  },
  {
    "name": "absol",
    "tier": 4,
	"trainers": 4
  },
  {
    "name": "wynaut"
  },
  {
    "name": "snorunt",
    "tier": 1,
	"trainers": 1
  },
  {
    "name": "glalie"
  },
  {
    "name": "spheal"
  },
  {
    "name": "sealeo"
  },
  {
    "name": "walrein",
    "tier": 4,
	"trainers": 4
  },
  {
    "name": "clamperl"
  },
  {
    "name": "huntail"
  },
  {
    "name": "gorebyss"
  },
  {
    "name": "relicanth"
  },
  {
    "name": "luvdisc"
  },
  {
    "name": "bagon"
  },
  {
    "name": "shelgon"
  },
  {
    "name": "salamence"
  },
  {
    "name": "beldum"
  },
  {
    "name": "metang"
  },
  {
    "name": "metagross"
  },
  {
    "name": "regirock",
    "tier": 5,
	"trainers": 7
  },
  {
    "name": "regice",
    "tier": 5,
	"trainers": 7
  },
  {
    "name": "registeel",
    "tier": 5,
	"trainers": 6
  },
  {
    "name": "latias",
    "tier": 5,
	"trainers": 6
  },
  {
    "name": "latios",
    "tier": 5,
	"trainers": 5
  },
  {
    "name": "kyogre",
    "tier": 5,
	"trainers": 6
  },
  {
    "name": "groudon",
    "tier": 5,
	"trainers": 6
  },
  {
    "name": "rayquaza",
    "tier": 5,
	"trainers": 5
  },
  {
    "name": "jirachi"
  },
  {
    "name": "deoxys"
  }
]
