{
  
	"discord_bot_token": "NDMzMjc0MTg5Njg0ODAxNTM2.Da5dkQ.d2a7v6VvjRNr82MqfferPJzrdOk",
  
	"discord_notify_token": "NDMzMjc0NDEwNTU2OTgxMjU5.Da5dwg.Wjs4pt1R55FKZLQcniSAC3wU3QY",
  
	"owner": "334767341709819905",
  
	"pokemon_url_base": "https://rankedboost.com/wp-content/plugins/ice/pokemon-go/",

	"misc_graphics_url_base": "https://s3.us-east-2.amazonaws.com/svsapogo.com/graphics/",
	
	"github_repo": "jspaul93/ProfessorPine",
  
	"github_user": "jspaul93@gmail.com",
  
	"github_password": "G0dI$L0v3",
  
	"google_api_key": "AIzaSyCPrNvfZu5WmnN6JPuzUzOVd91_sgdJwVg",

    "region_map_link": "https://drive.google.com/open?id=17GbMmz8IsbwXxJJRDJzFCa_f21soIopo&usp=sharing",
	
	"db": {
    
		"host": "localhost",
    
		"user": "python_user",
    
		"password": "G0dI$L0v3",
    
		"schema": "pine"
  
		}

}